City/Town,Leading Candidate,SUSAN HATCH,Write-Ins,Blanks,Overvotes,Total Votes Cast,SUSAN HATCH Percent Votes Cast,Overvotes Percent
Addison,GOV ADDISON ADDISON-3 ,4,15,10,8,37,10.81%,21.62%
Albany,GOV ALBANY ORLEANS-4,34,72,8,10,124,27.42%,8.06%
Alburgh,GOV ALBURGH GRAND ISLE CHITTENDEN,51,94,5,2,152,33.55%,1.32%
Andover,GOV ANDOVER WINDHAM WINDSOR BENNINGTON,52,111,1,2,166,31.33%,1.20%
Arlington,SUSAN HATCH,30,34,5,5,74,40.54%,6.76%
Athens,SUSAN HATCH,48,29,4,7,88,54.55%,7.95%
Bakersfield,SUSAN HATCH,82,25,7,5,119,68.91%,4.20%
Baltimore,GOV BALTIMORE WINDSOR-2,12,18,5,7,42,28.57%,16.67%
Barnard,SUSAN HATCH,82,57,7,6,152,53.95%,3.95%
Barnet,SUSAN HATCH,82,5,5,6,98,83.67%,6.12%
Barre City,SUSAN HATCH,16,18,9,8,51,31.37%,15.69%
Barre Town,GOV BARRE TOWN WASHINGTON ORANGE,16,89,9,6,120,13.33%,5.00%
Barton,GOV BARTON ORLEANS-3,61,89,6,4,160,38.12%,2.50%
Belvidere,SUSAN HATCH,83,64,7,1,155,53.55%,0.65%
Bennington,SUSAN HATCH,112,144,7,6,269,41.64%,2.23%
Benson,SUSAN HATCH,51,17,9,8,85,60.00%,9.41%
Berkshire,SUSAN HATCH,51,46,10,5,112,45.54%,4.46%
Berlin,GOV BERLIN WASHINGTON-1,2,45,10,9,66,3.03%,13.64%
Bethel,SUSAN HATCH,70,43,10,2,125,56.00%,1.60%
Bloomfield,GOV BLOOMFIELD ESSEX CALEDONIA,45,103,2,5,155,29.03%,3.23%
Bolton,SUSAN HATCH,58,16,6,10,90,64.44%,11.11%
Bradford,SUSAN HATCH,94,58,4,9,165,56.97%,5.45%
Braintree,GOV BRAINTREE ORANGE WASHINGTON ADDISON,12,94,5,5,116,10.34%,4.31%
Brandon,SUSAN HATCH,19,10,6,5,40,47.50%,12.50%
Brattleboro,SUSAN HATCH,167,219,8,5,399,41.85%,1.25%
Bridgewater,GOV BRIDGEWATER WINDSOR-4,44,79,7,5,135,32.59%,3.70%
Bridport,SUSAN HATCH,87,72,3,3,165,52.73%,1.82%
Brighton,SUSAN HATCH,60,51,8,6,125,48.00%,4.80%
Bristol,SUSAN HATCH,95,86,5,2,188,50.53%,1.06%
Brookfield,GOV BROOKFIELD ORANGE WASHINGTON ADDISON,79,106,10,7,202,39.11%,3.47%
Brookline,GOV BROOKLINE WINDHAM-3,78,107,8,10,203,38.42%,4.93%
Brownington,SUSAN HATCH,71,45,7,5,128,55.47%,3.91%
Brunswick,GOV BRUNSWICK ESSEX CALEDONIA,4,87,2,6,99,4.04%,6.06%
Burke,SUSAN HATCH,79,70,5,5,159,49.69%,3.14%
Burlington,SUSAN HATCH,280,380,10,10,680,41.18%,1.47%
Cabot,SUSAN HATCH,106,82,4,2,194,54.64%,1.03%
Calais,SUSAN HATCH,75,64,4,5,148,50.68%,3.38%
Cambridge,GOV CAMBRIDGE LAMOILLE-3,39,80,2,6,127,30.71%,4.72%
Canaan,GOV CANAAN ESSEX ORLEANS,13,90,7,6,116,11.21%,5.17%
Castleton,GOV CASTLETON RUTLAND-3,16,52,4,7,79,20.25%,8.86%
Cavendish,SUSAN HATCH,79,31,5,7,122,64.75%,5.74%
Charleston,SUSAN HATCH,70,76,3,1,150,46.67%,0.67%
Charlotte,GOV CHARLOTTE CHITTENDEN-5,12,76,2,2,92,13.04%,2.17%
Chelsea,GOV CHELSEA ORANGE-3,79,91,5,10,185,42.70%,5.41%
Chester,SUSAN HATCH,108,30,9,9,156,69.23%,5.77%
Chittenden,SUSAN HATCH,63,8,9,7,87,72.41%,8.05%
Clarendon,SUSAN HATCH,78,71,8,3,160,48.75%,1.88%
Colchester,SUSAN HATCH,148,217,10,10,385,38.44%,2.60%
Concord,SUSAN HATCH,24,22,4,6,56,42.86%,10.71%
Corinth,SUSAN HATCH,64,56,6,9,135,47.41%,6.67%
Cornwall,GOV CORNWALL ADDISON-2,73,81,8,6,168,43.45%,3.57%
Coventry,SUSAN HATCH,50,56,8,7,121,41.32%,5.79%
Craftsbury,SUSAN HATCH,52,31,10,7,100,52.00%,7.00%
Danby,GOV DANBY BENNINGTON RUTLAND,30,101,6,8,145,20.69%,5.52%
Danville,SUSAN HATCH,62,53,1,4,120,51.67%,3.33%
Derby,GOV DERBY ORLEANS-1,10,113,7,6,136,7.35%,4.41%
Dorset,SUSAN HATCH,93,72,5,10,180,51.67%,5.56%
Dover,GOV DOVER WINDHAM-2,2,54,6,5,67,2.99%,7.46%
Dummerston,GOV DUMMERSTON WINDHAM-4,7,43,3,6,59,11.86%,10.17%
Duxbury,SUSAN HATCH,47,38,3,9,97,48.45%,9.28%
East Haven,SUSAN HATCH,49,37,8,8,102,48.04%,7.84%
East Montpelier,GOV EAST MONTPELIER WASHINGTON-5,34,55,5,6,100,34.00%,6.00%
Eden,SUSAN HATCH,107,96,3,7,213,50.23%,3.29%
Elmore,GOV ELMORE LAMOILLE WASHINGTON,1,31,3,9,44,2.27%,20.45%
Enosburgh,SUSAN HATCH,78,68,10,10,166,46.99%,6.02%
Essex Junction,SUSAN HATCH,100,101,10,8,219,45.66%,3.65%
Essex,GOV ESSEX TOWN CHITTENDEN-23,51,147,10,7,215,23.72%,3.26%
Fair Haven,SUSAN HATCH,48,37,9,8,102,47.06%,7.84%
Fairfax,SUSAN HATCH,66,70,3,6,145,45.52%,4.14%
Fairfield,GOV FAIRFIELD FRANKLIN-6,8,37,4,8,57,14.04%,14.04%
Fairlee,GOV FAIRLEE ORANGE-2,21,39,4,5,69,30.43%,7.25%
Fayston,SUSAN HATCH,30,18,7,7,62,48.39%,11.29%
Ferrisburgh,GOV FERRISBURGH ADDISON-3,39,79,8,7,133,29.32%,5.26%
Fletcher,GOV FLETCHER FRANKLIN-6,10,47,2,7,66,15.15%,10.61%
Franklin,GOV FRANKLIN FRANKLIN-5,21,92,3,10,126,16.67%,7.94%
Georgia,SUSAN HATCH,95,101,9,9,214,44.39%,4.21%
Glover,GOV GLOVER ORLEANS-4,68,80,2,5,155,43.87%,3.23%
Goshen,SUSAN HATCH,30,34,7,8,79,37.97%,10.13%
Grafton,GOV GRAFTON WINDSOR WINDHAM,79,107,8,2,196,40.31%,1.02%
Granby,SUSAN HATCH,43,6,5,7,61,70.49%,11.48%
Grand Isle,SUSAN HATCH,99,73,9,7,188,52.66%,3.72%
Granville,SUSAN HATCH,64,56,10,9,139,46.04%,6.47%
Greensboro,SUSAN HATCH,81,14,7,10,112,72.32%,8.93%
Groton,SUSAN HATCH,64,33,5,7,109,58.72%,6.42%
Guildhall,SUSAN HATCH,86,60,4,6,156,55.13%,3.85%
Guilford,GOV GUILFORD WINDHAM-1,73,88,8,1,170,42.94%,0.59%
Halifax,SUSAN HATCH,83,33,8,3,127,65.35%,2.36%
Hancock,SUSAN HATCH,109,88,3,7,207,52.66%,3.38%
Hardwick,GOV HARDWICK CALEDONIA 2,17,36,9,9,71,23.94%,12.68%
Hartford,SUSAN HATCH,102,55,9,10,176,57.95%,5.68%
Hartland,SUSAN HATCH,66,49,7,10,132,50.00%,7.58%
Highgate,GOV HIGHGATE FRANKLIN-5,15,49,7,2,73,20.55%,2.74%
Hinesburg,SUSAN HATCH,93,78,7,8,186,50.00%,4.30%
Holland,GOV HOLLAND ESSEX ORLEANS,39,68,7,10,124,31.45%,8.06%
Hubbardton,GOV HUBBARDTON ADDISON RUTLAND,31,59,9,6,105,29.52%,5.71%
Huntington,SUSAN HATCH,74,60,5,8,147,50.34%,5.44%
Hyde Park,SUSAN HATCH,77,39,7,7,130,59.23%,5.38%
Ira,GOV IRA RUTLAND-1,43,57,8,10,118,36.44%,8.47%
Irasburg,SUSAN HATCH,22,18,5,7,52,42.31%,13.46%
Isle La Motte,GOV ISLE LA MOTTE GRAND ISLE CHITTENDEN,29,56,7,7,99,29.29%,7.07%
Jamaica,GOV JAMAICA WINDHAM-2,0,44,9,8,61,0.00%,13.11%
Jay,SUSAN HATCH,92,95,4,1,192,47.92%,0.52%
Jericho,SUSAN HATCH,60,52,7,10,129,46.51%,7.75%
Johnson,GOV JOHNSON LAMOILLE-2,83,98,2,9,192,43.23%,4.69%
Killington,SUSAN HATCH,70,42,6,7,125,56.00%,5.60%
Kirby,GOV KIRBY CALEDONIA ESSEX,28,50,9,8,95,29.47%,8.42%
Landgrove,GOV LANDGROVE BENNINGTON RUTLAND,52,82,4,7,145,35.86%,4.83%
Leicester,SUSAN HATCH,43,40,7,8,98,43.88%,8.16%
Lemington,GOV LEMINGTON ESSEX ORLEANS,29,80,9,9,127,22.83%,7.09%
Lincoln,GOV LINCOLN ADDISON-4,22,53,7,1,83,26.51%,1.20%
Londonderry,GOV LONDONDERRY WINDHAM WINDSOR BENNINGTON,36,54,9,10,109,33.03%,9.17%
Lowell,GOV LOWELL ORLEANS LAMOILLE,6,82,4,2,94,6.38%,2.13%
Ludlow,SUSAN HATCH,30,21,8,10,69,43.48%,14.49%
Lunenburg,SUSAN HATCH,35,36,8,10,89,39.33%,11.24%
Lyndon,SUSAN HATCH,16,8,9,5,38,42.11%,13.16%
Maidstone,GOV MAIDSTONE ESSEX CALEDONIA,108,114,6,10,238,45.38%,4.20%
Manchester,GOV MANCHESTER BENNINGTON-4,6,81,6,8,101,5.94%,7.92%
Marlboro,GOV MARLBORO WINDHAM-5,0,36,8,6,50,0.00%,12.00%
Marshfield,SUSAN HATCH,76,61,9,3,149,51.01%,2.01%
Mendon,GOV MENDON RUTLAND-11,9,23,6,6,44,20.45%,13.64%
Middlebury,GOV MIDDLEBURY ADDISON-5,14,144,4,7,169,8.28%,4.14%
Middlesex,SUSAN HATCH,75,69,8,3,155,48.39%,1.94%
Middletown Springs,SUSAN HATCH,9,6,10,8,33,27.27%,24.24%
Milton,SUSAN HATCH,94,152,9,6,261,36.02%,2.30%
Monkton,SUSAN HATCH,34,25,8,7,74,45.95%,9.46%
Montgomery,SUSAN HATCH,90,60,8,4,162,55.56%,2.47%
Montpelier,GOV MONTPELIER WASHINGTON-4,68,80,8,5,161,42.24%,3.11%
Moretown,GOV MORETOWN WASHINGTON-2,14,86,4,8,112,12.50%,7.14%
Morgan,GOV MORGAN ESSEX ORLEANS,6,84,8,4,102,5.88%,3.92%
Morristown,SUSAN HATCH,90,49,6,8,153,58.82%,5.23%
Mount Holly,GOV MOUNT HOLLY RUTLAND WINDSOR,45,112,9,6,172,26.16%,3.49%
Mount Tabor,SUSAN HATCH,59,19,9,3,90,65.56%,3.33%
New Haven,GOV NEW HAVEN ADDISON-3,88,119,6,7,220,40.00%,3.18%
Newark,GOV NEWARK CALEDONIA 3,21,45,1,8,75,28.00%,10.67%
Newbury,SUSAN HATCH,105,20,10,10,145,72.41%,6.90%
Newfane,SUSAN HATCH,99,79,8,7,193,51.30%,3.63%
Newport City,SUSAN HATCH,28,26,8,7,69,40.58%,10.14%
Newport Town,SUSAN HATCH,49,29,7,3,88,55.68%,3.41%
North Hero,GOV NORTH HERO GRAND ISLE CHITTENDEN,91,110,1,9,211,43.13%,4.27%
Northfield,SUSAN HATCH,59,54,4,5,122,48.36%,4.10%
Norton,SUSAN HATCH,58,68,3,7,136,42.65%,5.15%
Norwich,SUSAN HATCH,73,45,5,4,127,57.48%,3.15%
Orange,GOV ORANGE ORANGE-1,5,43,10,2,60,8.33%,3.33%
Orwell,SUSAN HATCH,50,23,6,8,87,57.47%,9.20%
Panton,GOV PANTON ADDISON-3,10,93,8,10,121,8.26%,8.26%
Pawlet,SUSAN HATCH,83,35,3,7,128,64.84%,5.47%
Peacham,GOV PEACHAM CALEDONIA WASHINGTON,10,61,2,5,78,12.82%,6.41%
Peru,SUSAN HATCH,43,12,6,3,64,67.19%,4.69%
Pittsfield,SUSAN HATCH,100,45,5,10,160,62.50%,6.25%
Pittsford,GOV PITTSFORD RUTLAND-8,6,48,4,0,58,10.34%,0.00%
Plainfield,GOV PLAINFIELD WASHINGTON-6,27,98,7,4,136,19.85%,2.94%
Plymouth,SUSAN HATCH,50,43,6,4,103,48.54%,3.88%
Pomfret,GOV POMFRET WINDSOR-4,91,99,4,6,200,45.50%,3.00%
Poultney,GOV POULTNEY RUTLAND-1,41,52,6,4,103,39.81%,3.88%
Pownal,SUSAN HATCH,123,79,8,10,220,55.91%,4.55%
Proctor,GOV PROCTOR RUTLAND-8,38,67,2,9,116,32.76%,7.76%
Putney,SUSAN HATCH,82,39,10,8,139,58.99%,5.76%
Randolph,SUSAN HATCH,58,52,4,3,117,49.57%,2.56%
Reading,SUSAN HATCH,54,7,9,6,76,71.05%,7.89%
Readsboro,GOV READSBORO BENNINGTON-1,29,50,10,6,95,30.53%,6.32%
Richford,GOV RICHFORD FRANKLIN-5,9,24,9,2,44,20.45%,4.55%
Richmond,GOV RICHMOND CHITTENDEN 1,13,25,4,8,50,26.00%,16.00%
Ripton,GOV RIPTON ADDISON-2,45,68,8,7,128,35.16%,5.47%
Rochester,SUSAN HATCH,55,47,6,7,115,47.83%,6.09%
Rockingham,GOV ROCKINGHAM WINDHAM-3,48,106,7,9,170,28.24%,5.29%
Roxbury,SUSAN HATCH,71,50,8,8,137,51.82%,5.84%
Royalton,GOV ROYALTON WINDSOR ORANGE 1,9,68,5,8,90,10.00%,8.89%
Rupert,GOV RUPERT RUTLAND BENNINGTON,50,93,8,10,161,31.06%,6.21%
Rutland City,SUSAN HATCH,253,155,8,8,424,59.67%,1.89%
Rutland Town,SUSAN HATCH,73,103,8,7,191,38.22%,3.66%
Ryegate,SUSAN HATCH,57,16,9,8,90,63.33%,8.89%
Saint Albans City,SUSAN HATCH,163,96,6,2,267,61.05%,0.75%
Saint Albans Town,GOV SAINT ALBANS TOWN FRANKLIN-2,100,167,8,8,283,35.34%,2.83%
Saint George,GOV SAINT GEORGE CHITTENDEN-7,22,86,7,1,116,18.97%,0.86%
Saint Johnsbury,SUSAN HATCH,96,69,4,9,178,53.93%,5.06%
Salisbury,SUSAN HATCH,72,36,5,8,121,59.50%,6.61%
Sandgate,SUSAN HATCH,80,54,9,10,153,52.29%,6.54%
Searsburg,SUSAN HATCH,97,63,7,10,177,54.80%,5.65%
Shaftsbury,SUSAN HATCH,45,12,7,9,73,61.64%,12.33%
Sharon,GOV SHARON WINDSOR ORANGE 2,14,84,10,9,117,11.97%,7.69%
Sheffield,GOV SHEFFIELD CALEDONIA 3,8,43,6,6,63,12.70%,9.52%
Shelburne,SUSAN HATCH,156,41,7,3,207,75.36%,1.45%
Sheldon,GOV SHELDON FRANKLIN-4,56,79,5,9,149,37.58%,6.04%
Shoreham,GOV SHOREHAM ADDISON RUTLAND,18,66,6,10,100,18.00%,10.00%
Shrewsbury,GOV SHREWSBURY RUTLAND WINDSOR,59,93,7,9,168,35.12%,5.36%
South Burlington,SUSAN HATCH,373,360,8,10,751,49.67%,1.33%
South Hero,SUSAN HATCH,49,16,3,3,71,69.01%,4.23%
Springfield,GOV SPRINGFIELD WINDSOR-3,70,103,8,8,189,37.04%,4.23%
Stamford,GOV STAMFORD BENNINGTON-1,28,84,9,8,129,21.71%,6.20%
Stannard,SUSAN HATCH,89,77,6,10,182,48.90%,5.49%
Starksboro,GOV STARKSBORO ADDISON-4,59,78,7,4,148,39.86%,2.70%
Stockbridge,SUSAN HATCH,46,40,1,8,95,48.42%,8.42%
Stowe,SUSAN HATCH,105,73,8,10,196,53.57%,5.10%
Strafford,GOV STRAFFORD WINDSOR ORANGE 2,12,32,6,4,54,22.22%,7.41%
Stratton,GOV STRATTON WINDHAM-2,1,13,3,7,24,4.17%,29.17%
Sudbury,GOV SUDBURY ADDISON RUTLAND,3,91,7,3,104,2.88%,2.88%
Sunderland,SUSAN HATCH,126,65,2,5,198,63.64%,2.53%
Sutton,SUSAN HATCH,54,54,6,6,120,45.00%,5.00%
Swanton,SUSAN HATCH,58,11,7,8,84,69.05%,9.52%
Thetford,SUSAN HATCH,69,32,6,10,117,58.97%,8.55%
Tinmouth,GOV TINMOUTH RUTLAND BENNINGTON,22,56,3,10,91,24.18%,10.99%
Topsham,GOV TOPSHAM ORANGE CALEDONIA,52,82,7,4,145,35.86%,2.76%
Townshend,GOV TOWNSHEND WINDHAM-5,66,86,6,3,161,40.99%,1.86%
Troy,GOV TROY ORLEANS LAMOILLE,25,38,8,5,76,32.89%,6.58%
Tunbridge,SUSAN HATCH,79,24,9,5,117,67.52%,4.27%
Underhill,GOV UNDERHILL CHITTENDEN 3,71,88,5,8,172,41.28%,4.65%
Vergennes,GOV VERGENNES ADDISON-3,80,102,6,8,196,40.82%,4.08%
Vernon,GOV VERNON WINDHAM-1,28,89,7,8,132,21.21%,6.06%
Vershire,SUSAN HATCH,77,15,9,10,111,69.37%,9.01%
Victory,GOV VICTORY ESSEX CALEDONIA,13,90,7,10,120,10.83%,8.33%
Waitsfield,SUSAN HATCH,76,27,4,7,114,66.67%,6.14%
Walden,SUSAN HATCH,85,49,10,10,154,55.19%,6.49%
Wallingford,SUSAN HATCH,73,39,6,4,122,59.84%,3.28%
Waltham,SUSAN HATCH,85,47,7,5,144,59.03%,3.47%
Wardsboro,SUSAN HATCH,66,51,10,4,131,50.38%,3.05%
Warren,GOV WARREN WASHINGTON-2,33,47,5,5,90,36.67%,5.56%
Washington,SUSAN HATCH,41,26,6,7,80,51.25%,8.75%
Waterbury,GOV WATERBURY WASHINGTON CHITTENDEN,7,60,5,7,79,8.86%,8.86%
Waterford,SUSAN HATCH,58,39,7,5,109,53.21%,4.59%
Waterville,GOV WATERVILLE LAMOILLE-3,35,95,7,7,144,24.31%,4.86%
Weathersfield,GOV WEATHERSFIELD WINDSOR-2,27,57,4,10,98,27.55%,10.20%
Wells,SUSAN HATCH,92,49,5,8,154,59.74%,5.19%
West Fairlee,SUSAN HATCH,13,8,6,7,34,38.24%,20.59%
West Haven,GOV WEST HAVEN RUTLAND-10,66,106,7,2,181,36.46%,1.10%
West Rutland,SUSAN HATCH,90,81,2,7,180,50.00%,3.89%
West Windsor,SUSAN HATCH,73,52,7,6,138,52.90%,4.35%
Westfield,SUSAN HATCH,108,73,9,5,195,55.38%,2.56%
Westford,GOV WESTFORD CHITTENDEN-25,56,76,6,8,146,38.36%,5.48%
Westminster,GOV WESTMINSTER WINDHAM-3,62,75,8,2,147,42.18%,1.36%
Westmore,GOV WESTMORE ORLEANS-3,59,91,1,6,157,37.58%,3.82%
Weston,GOV WESTON WINDHAM WINDSOR BENNINGTON,37,110,8,10,165,22.42%,6.06%
Weybridge,GOV WEYBRIDGE ADDISON-5,70,111,8,10,199,35.18%,5.03%
Wheelock,GOV WHEELOCK CALEDONIA 3,84,106,8,5,203,41.38%,2.46%
Whiting,SUSAN HATCH,42,9,6,8,65,64.62%,12.31%
Whitingham,GOV WHITINGHAM WINDHAM-6,39,84,6,1,130,30.00%,0.77%
Williamstown,SUSAN HATCH,138,88,8,5,239,57.74%,2.09%
Williston,SUSAN HATCH,140,91,8,10,249,56.22%,4.02%
Wilmington,GOV WILMINGTON WINDHAM-6,29,39,6,7,81,35.80%,8.64%
Windham,GOV WINDHAM WINDSOR WINDHAM,20,77,4,7,108,18.52%,6.48%
Windsor,GOV WINDSOR WINDSOR-1,41,99,5,9,154,26.62%,5.84%
Winhall,GOV WINHALL WINDHAM WINDSOR BENNINGTON,14,54,7,2,77,18.18%,2.60%
Winooski,SUSAN HATCH,1,6,6,2,15,6.67%,13.33%
Wolcott,GOV WOLCOTT LAMOILLE-2,3,100,8,9,120,2.50%,7.50%
Woodbury,GOV WOODBURY LAMOILLE WASHINGTON,7,112,10,6,135,5.19%,4.44%
Woodford,SUSAN HATCH,63,29,8,10,110,57.27%,9.09%
Woodstock,GOV WOODSTOCK WINDSOR-5,31,53,5,4,93,33.33%,4.30%
Worcester,SUSAN HATCH,81,57,6,6,150,54.00%,4.00%
